1.INSERT INTO CITY (ID,NAME) VALUES (1,'CHENNAI');
  INSERT INTO CITY (ID,NAME) VALUES (2,'HYDERABAD');
  
  SELECT *FROM CITY;
  
2.INSERT INTO REFEREE (ID,NAME) VALUES (4,'JACK');
    INSERT INTO REFEREE (ID,NAME) VALUES (5,'RYAN');
    INSERT INTO REFEREE (ID,NAME) VALUES (6,'JOHN');
   
    SELECT *FROM REFEREE;
    
3.INSERT INTO INNINGS (ID,INNINGS_NUMBER) VALUES (3,1);
INSERT INTO INNINGS (ID,INNINGS_NUMBER) VALUES (4,2);
    SELECT *FROM INNINGS;
    
4.INSERT INTO EXTRA_TYPE (ID,NAME) VALUES(2,'NATIONAL');
INSERT INTO EXTRA_TYPE (ID,NAME) VALUES(7,'INTERNATIONAL');
INSERT INTO EXTRA_TYPE (ID,NAME) VALUES(8,'DISTRICT');
SELECT *FROM EXTRA_TYPE;

5. INSERT INTO SKILL (ID,NAME) VALUES(10,'BATTING');
    INSERT INTO SKILL (ID,NAME) VALUES(12,'FIELDING');
    INSERT INTO SKILL (ID,NAME) VALUES(13,'BOWLING');
    
    SELECT *FROM SKILL;
 
 6.INSERT INTO TEAM (ID,NAME,COACH,HOME_CITY,CAPTAIN) VALUES (1,'INDIA','SACHIN',1,7); 
 INSERT INTO TEAM (ID,NAME,COACH,HOME_CITY,CAPTAIN) VALUES (2,'AUSTRALIA','DAVIDWARNER',2,5);
 SELECT *FROM TEAM;
 
 7.INSERT INTO PLAYER (ID,NAME,COUNTRY,SKILL_ID,TEAM_ID) VALUES (1,'VIRAT','INDIA',10,1);
INSERT INTO PLAYER (ID,NAME,COUNTRY,SKILL_ID,TEAM_ID) VALUES (2,'VIRAT','INDIA',12,2);
UPDATE PLAYER SET NAME = 'JADEJA' WHERE ID =2;



SELECT *FROM PLAYER;

8.INSERT INTO VENUE (ID,STADIUM_NAME,CITY_ID) VALUES (1,'CHEPPAK',1);
INSERT INTO VENUE (ID,STADIUM_NAME,CITY_ID) VALUES (1,'CHINSAAMY',2);
UPDATE VENUE SET ID = 2 WHERE CITY_ID = 2;
    
    SELECT *FROM VENUE;
    
9.INSERT INTO EVENT (ID,INNINGS_ID,EVENT_NO,RAIDER_ID,RAID_POINTS,DEFENDING_POINTS,CLOCK_IN_SECONDS,TEAM_ONE_SCORE,TEAM_TWO_SCORE) VALUES
(1,3,4,1,10,8,5,99,101);
INSERT INTO EVENT (ID,INNINGS_ID,EVENT_NO,RAIDER_ID,RAID_POINTS,DEFENDING_POINTS,CLOCK_IN_SECONDS,TEAM_ONE_SCORE,TEAM_TWO_SCORE) VALUES
(2,4,5,2,11,9,6,97,100);

    SELECT *FROM EVENT;
    
10. INSERT INTO EXTRA_EVENT (ID,EVENT_ID,EXTRA_TYPE_ID,POINTS,SCORING_TEAM_ID) VALUES (3,1,7,30,2);
INSERT INTO EXTRA_EVENT (ID,EVENT_ID,EXTRA_TYPE_ID,POINTS,SCORING_TEAM_ID) VALUES (4,2,2,40,1);
SELECT *FROM EXTRA_EVENT;

11.INSERT INTO OUTCOME(ID,STATUS,WINNER_TEAM_ID,SCORE,PLAYER_OF_MATCH) VALUES(1,'WINNER',1,105,1);
INSERT INTO OUTCOME(ID,STATUS,WINNER_TEAM_ID,SCORE,PLAYER_OF_MATCH) VALUES(2,'LOSE',2,103,2);
SELECT *FROM OUTCOME;

12.INSERT INTO GAME (ID,GAME_DATE,TEAM_ID_1,TEAM_ID_2,VENUE_ID,OUTCOME_ID,REFEREE_ID_1,REFEREE_ID_2,FIRST_INNINGS_ID,SECOND_INNINGS_ID)
VALUES (1,'10-02-2019',1,2,1,2,4,5,3,4);



UPDATE PLAYER SET NAME ='JADEJA' WHERE TEAM_ID = 2;

//DELETE 

DELETE FROM EXTRA_TYPE WHERE ID =8;
 DELETE FROM REFEREE WHERE ID=6;
 DELETE FROM PLAYER WHERE ID =1;
 DELETE FROM OUTCOME WHERE STATUS = 'LOSE';
 
 



    
    
    
    
    
    
    
    
    
    
    
    
    
    
    
    